filename,product_code,product_name,qty_total,rate_avg,num_orders,length,sleeves,neck,work,pattern,primary_color,occasion,fabric,price_tier,secondary_color,dupatta,pants_included,brightness_mean,brightness_std,contrast,colorfulness,warm_cool_bias,color_variety,edge_density,texture_complexity,r_mean,g_mean,b_mean,saturation_mean,hue_mean,rate_avg,num_orders,days_on_market,sales_velocity
WhatsApp Image 2026-04-29 at 1.22.57 PM.jpeg,10029351,KS_Gown-112,5,1125.0,1,long,sleeveless,v_neck,printed,ethnic,maroon,festive,cotton,mid,cream,1,1,0.5975501031372549,0.2008075230142566,0.2008263729217347,0.1773398114234858,0.2059164705882351,1.0,0.116976868872549,0.2023654722788017,0.7098427450980391,0.5585341176470588,0.503926274509804,0.2922731341275711,0.0768875238639355,1125.0,1,1,5.0
WhatsApp Image 2026-04-29 at 1.22.58 PM (1).jpeg,10028269,KS_Co-ord set-33,72,335.0,8,short,three_quarter,round,printed,floral,white,casual,cotton,budget,yellow,0,1,0.4651455752941176,0.2566909451298404,0.2567214806209758,0.1615055030078218,0.1575298039215687,1.0,0.2033882889093137,0.2607086594143247,0.5145227450980393,0.460998431372549,0.3569929411764705,0.406764341811755,0.1097104100810965,335.0,8,17,4.235294117647059
WhatsApp Image 2026-04-29 at 1.22.58 PM.jpeg,10028268,KS_Co-ord set-33,110,335.0,24,short,three_quarter,mandarin,printed,floral,off_white,casual,cotton,budget,blue,0,1,0.4787711784313725,0.221210324016352,0.2212134712132445,0.1746025226911668,0.1730313725490195,1.0,0.1960071040134804,0.2252874075921074,0.5527827450980392,0.4603023529411764,0.3797513725490196,0.3977065346432041,0.1371281042954682,335.0,24,18,6.111111111111111
WhatsApp Image 2026-04-29 at 1.22.59 PM (1).jpeg,10025542,KS_ Kurta with Plazo & Dupatta-115,71,1170.25,20,medium,three_quarter,v_neck,embroidered,floral,cream,festive,cotton,mid,multi,1,1,0.5854690560784312,0.2220316591389945,0.2220398942284671,0.1551878228419232,0.2097709803921569,1.0,0.1519303864123774,0.2243375283972061,0.6677627450980392,0.5683082352941177,0.4579917647058823,0.6212549451717037,0.0708647834781977,1170.25,20,75,0.9466666666666667
WhatsApp Image 2026-04-29 at 1.22.59 PM.jpeg,10027276,KS_Co-ord set-52,12,525.0,3,long,three_quarter,v_neck,embroidered,ethnic,teal,casual,cotton,economy,yellow,0,1,0.6221054756862744,0.3008429314790085,0.300828111211692,0.2208437109094553,0.0372572549019608,1.0,0.1832095875459558,0.303853221604497,0.6396164705882353,0.6170207843137255,0.6023592156862745,0.0114024144806905,0.083699223753829,525.0,3,13,0.9230769230769231
WhatsApp Image 2026-04-29 at 1.23.00 PM (1).jpeg,10027634,KS_Kurta with Plazo & Dupatta-75,6,750.0,2,long,three_quarter,round,embroidered,ethnic,red,festive,cotton,economy,white,1,1,0.4042576635294117,0.2097074722607314,0.2097157555031734,0.2503365486340174,0.2045678431372549,1.0,0.1759801528033088,0.211754919159922,0.531161568627451,0.3546996078431372,0.3265937254901961,0.1157777303879122,0.3245565497006463,750.0,2,5,1.2
WhatsApp Image 2026-04-29 at 1.23.00 PM.jpeg,10027632,KS_Kurta with Plazo & Dupatta-75,12,750.0,4,long,three_quarter,round,embroidered,ethnic,mustard,festive,cotton,economy,white,1,1,0.4952772878431372,0.2282267973493391,0.2282107566996641,0.2973895012158368,0.2699435294117647,1.0,0.1643861060049019,0.2305018473438914,0.5904219607843137,0.4807607843137255,0.320478431372549,0.1256474245065429,0.3541294780026052,750.0,4,14,0.8571428571428571
WhatsApp Image 2026-04-29 at 1.23.01 PM (1).jpeg,10029411,S Kurta with Plazo & Dupatta-95,8,950.0,2,long,full,v_neck,embroidered,ethnic,mauve,festive,mal cotton,economy,white,1,1,0.5610226682352941,0.2023280660487204,0.2023520040045177,0.1115442113759028,0.1005027450980391,1.0,0.1958345301011029,0.2063907208575106,0.6120976470588235,0.5446058823529413,0.5115949019607844,0.0631682920392795,0.3381831625634146,950.0,2,1,8.0
WhatsApp Image 2026-04-29 at 1.23.01 PM.jpeg,10027635,KS_Kurta with Plazo & Dupatta-75,6,750.0,2,long,three_quarter,round,embroidered,ethnic,olive_green,festive,cotton,economy,white,1,1,0.4417992690196078,0.2403572549775068,0.2403664742177533,0.089898451841289,0.0784956862745097,1.0,0.1887228573069853,0.2424996496062198,0.469132156862745,0.4378129411764706,0.3906364705882353,0.1085690351973363,0.239021307258846,750.0,2,10,0.6
WhatsApp Image 2026-04-29 at 1.23.02 PM (1).jpeg,10029028,KS_Kurta with Pants & Dupatta-125,20,1250.0,5,long,three_quarter,v_neck,embroidered,ethnic,beige,festive,cotton,mid,green,1,1,0.4782219188235294,0.2531697955796398,0.2531759236272246,0.1526091285781304,0.2253403921568628,1.0,0.1652867934283088,0.2564077270520724,0.5576764705882353,0.4660823529411764,0.3323360784313725,0.1269519435730513,0.1283999160483286,1250.0,5,7,2.857142857142857
WhatsApp Image 2026-04-29 at 1.23.02 PM.jpeg,10029129,KS_Kurta with Pants & Dupatta-115,20,1150.0,3,long,three_quarter,round,embroidered,ethnic,purple,festive,cotton,mid,gold,1,1,0.3323841788235294,0.2396983568470986,0.239693619084359,0.1650284147806989,0.1630388235294117,1.0,0.1751627604166666,0.2429627633819193,0.4076066666666667,0.3111227450980391,0.2445678431372549,0.3224705668938479,0.1534013104485499,1150.0,3,6,3.3333333333333335
WhatsApp Image 2026-04-29 at 1.23.03 PM.jpeg,10029029,KS_Kurta with Pants & Dupatta-125,12,1250.0,3,long,three_quarter,v_neck,printed,floral,off_white,festive,cotton,mid,grey,1,1,0.4306940188235294,0.26231409192249,0.2623156428831339,0.1452256394467389,0.2030517647058823,1.0,0.1580255246629902,0.265178639861702,0.5229909803921569,0.4051901960784314,0.3199392156862745,0.3136777227903078,0.1100772518063297,1250.0,3,3,4.0
WhatsApp Image 2026-04-29 at 1.23.04 PM (2).jpeg,10029234,S_Kurta with Pants & Dupatta-87,20,875.0,5,long,three_quarter,round,embroidered,ethnic,teal,festive,cotton,economy,white,1,1,0.4692324925490196,0.2208466759233645,0.2208553145683555,0.2193518457463751,0.1109074509803921,1.0,0.1914385627297794,0.2246835764818207,0.4977603921568627,0.4706999999999999,0.3868529411764705,0.4113574600733163,0.1322085946522528,875.0,5,2,10.0
WhatsApp Image 2026-04-29 at 1.23.04 PM.jpeg,10029142,KS Kurta with Pants & Dupatta-85,4,850.0,1,long,three_quarter,square,embroidered,floral,olive_brown,festive,cotton,economy,white,1,1,0.572711271372549,0.1997452566593385,0.1997572107260778,0.1844197834474247,0.215181568627451,1.0,0.1912470798866421,0.2034935266392002,0.6710078431372549,0.5453419607843137,0.4558262745098039,0.2022388787591117,0.1842281518673014,850.0,1,1,4.0
WhatsApp Image 2026-04-29 at 1.23.05 PM (1).jpeg,10029354,KS_Gown-125,4,1250.0,1,long,sleeveless,v_neck,printed,floral,white,festive,cotton,mid,pink,1,1,0.3857523,0.2732082018141336,0.2732048190790424,0.118110840579362,0.1461498039215686,1.0,0.1574805166207107,0.275298265910284,0.4484298039215686,0.3700372549019607,0.30228,0.5649612951883685,0.1047737696932289,1250.0,1,1,4.0
WhatsApp Image 2026-04-29 at 1.23.05 PM.jpeg,10029301,S_Kurta with Pants & Dupatta-89,20,895.0,4,full_length,three_quarter,v_neck,printed,floral,greyish_blue,festive,cotton,economy,white,1,1,0.550376968627451,0.1712837894462733,0.171264849973506,0.1583106198499733,0.1503811764705881,1.0,0.1680901022518382,0.1752092304069137,0.5977235294117647,0.5462701960784314,0.4473423529411764,0.4494546892916569,0.1393981536363149,895.0,4,3,6.666666666666667
WhatsApp Image 2026-04-29 at 1.23.06 PM (1).jpeg,10027281,KS_Kurta with Pants & Dupatta-55,52,550.0,10,long,three_quarter,round,printed,floral,beige,daily_wear,cotton,economy,brown,1,1,0.5283142180392156,0.1856422369726541,0.1856555600822813,0.106437384341684,0.1325203921568627,1.0,0.1713532092524509,0.1894977914781171,0.5884290196078431,0.5117552941176471,0.4559086274509804,0.3581086485080204,0.0693540497004612,550.0,10,27,1.9259259259259258
WhatsApp Image 2026-04-29 at 1.23.06 PM (2).jpeg,10027684,KS_Kurta with Pants & Dupatta-55,28,550.0,5,long,three_quarter,round,printed,floral,teal,casual,cotton,economy,white,1,1,0.4944815650980392,0.1493898468333166,0.149391924689643,0.2572050228070968,0.1386596078431372,1.0,0.1257913028492647,0.1518003250189104,0.5426780392156862,0.4875003921568627,0.404018431372549,0.5590309081599945,0.0740878530506866,550.0,5,14,2.0
WhatsApp Image 2026-04-29 at 1.23.06 PM.jpeg,10029355,KS_Gown-125,4,1250.0,1,full_length,sleeveless,v_neck,printed,floral,sky_blue,festive,cotton,mid,pink,1,1,0.5283654662745098,0.2085616323392644,0.2085679073454767,0.2424663274141558,0.2089745098039215,1.0,0.1601021560968137,0.2110849144568085,0.6231886274509804,0.5022345098039215,0.4142141176470588,0.8790844712470107,0.0760115660140679,1250.0,1,1,4.0
WhatsApp Image 2026-04-29 at 1.23.07 PM (1).jpeg,10027279,KS_Kurta with Pants & Dupatta-55,52,550.0,9,long,three_quarter,round,printed,floral,blue,casual,cotton,economy,cream,1,1,0.4790532956862744,0.191851725180674,0.1918540717131393,0.1839415151497715,0.160373725490196,1.0,0.1589941884957108,0.1950197215878557,0.5432466666666667,0.4650341176470588,0.3828729411764706,0.3473802118662811,0.0824794329926532,550.0,9,28,1.8571428571428572
WhatsApp Image 2026-04-29 at 1.23.07 PM (2).jpeg,10028758,KS_Kurta with Pants & Dupatta-55,32,550.0,7,long,three_quarter,round,printed,floral,mauve,casual,cotton,economy,white,1,1,0.6276864019607842,0.207874185999739,0.2078142456856141,0.1135714716680829,0.095053725490196,1.0,0.1477002910539215,0.2100470198190565,0.6802596078431372,0.6091572549019608,0.5852058823529411,0.0539431802316865,0.1343231540690228,550.0,7,9,3.5555555555555554
WhatsApp Image 2026-04-29 at 1.23.07 PM.jpeg,10027896,KS_Kurta with Pants & Dupatta-55,28,550.0,6,long,three_quarter,round,printed,floral,seafoam_green,casual,cotton,economy,white,1,1,0.5511401466666667,0.141753854534344,0.141756220147951,0.1930782892479362,0.1358454901960784,1.0,0.1355408911611519,0.1442865003286662,0.5972117647058823,0.5451074509803921,0.4613662745098039,0.3943804716107085,0.0807099663449047,550.0,6,15,1.8666666666666667
WhatsApp Image 2026-04-29 at 1.23.08 PM (1).jpeg,10027280,KS_Kurta with Pants & Dupatta-55,35,550.0,5,long,three_quarter,round,printed,floral,cream,daily_wear,cotton,economy,grey,1,1,0.5373394933333333,0.220243217894479,0.220273492546531,0.1356020907963898,0.1099607843137254,1.0,0.1728529986213235,0.2233966074339383,0.5818529411764706,0.5273760784313725,0.4718921568627451,0.1703837850840268,0.1010720904239159,550.0,5,25,1.4
WhatsApp Image 2026-04-29 at 1.23.08 PM.jpeg,10028755,KS_Kurta with Pants & Dupatta-55,21,550.0,5,long,three_quarter,round,printed,floral,olive_green,casual,cotton,economy,white,1,1,0.5833866749019607,0.2085098521915433,0.2085095181329103,0.1146413427840473,0.1109682352941178,1.0,0.1582198797487745,0.2113136658526316,0.6211972549019609,0.5783349019607843,0.5102290196078431,0.2437004083626078,0.0969385419850792,550.0,5,9,2.3333333333333335
WhatsApp Image 2026-04-29 at 1.23.09 PM (1).jpeg,10028753,S_Kurta with Pants & Dupatta-55,12,550.0,3,long,three_quarter,round,printed,floral,sage_green,festive,cotton,economy,white,1,1,0.5444893596078431,0.2246540760111897,0.224646659238709,0.173515042424982,0.1511211764705883,1.0,0.1712031345741421,0.2272041143520476,0.597687843137255,0.5364090196078432,0.4465666666666666,0.1156901769618804,0.2205635230527931,550.0,3,5,2.4
WhatsApp Image 2026-04-29 at 1.23.09 PM (2).jpeg,10027278,KS Kurta with Pants & Dupatta-55,32,550.0,4,long,three_quarter,round,printed,floral,purple,casual,cotton,economy,cream,1,1,0.5964058776470587,0.2221314405831483,0.2221712833320469,0.1420381119797373,0.0983749019607843,1.0,0.1558342428768382,0.2248837064501846,0.6508615686274509,0.5771972549019608,0.5524866666666666,0.0850839856972141,0.1683123996184738,550.0,4,28,1.1428571428571428
WhatsApp Image 2026-04-29 at 1.23.09 PM.jpeg,10028754,S_Kurta with Pants & Dupatta-55,16,550.0,5,long,three_quarter,round,printed,floral,pink,festive,cotton,economy,white,1,1,0.4362323843137254,0.1769701313180003,0.1769780741318372,0.2249854191116503,0.2468211764705882,1.0,0.1532018324908088,0.179642342980936,0.5653321568627451,0.393335294117647,0.3185109803921568,0.4888006079502532,0.0936278127880585,550.0,5,6,2.6666666666666665
WhatsApp Image 2026-04-29 at 1.23.10 PM (1).jpeg,10027703,KS_Kurta with Pants & Dupatta-75,4,750.0,1,long,three_quarter,round,embroidered,floral,rust,festive,cotton,economy,white,1,1,0.6136213964705882,0.2314536956681304,0.2314495715879277,0.2044485504213671,0.1481537254901961,1.0,0.1718934302236519,0.2335619735700294,0.6825290196078432,0.5939121568627451,0.5343752941176471,0.0190072561432556,0.139781842386009,750.0,1,1,4.0
WhatsApp Image 2026-04-29 at 1.23.10 PM (2).jpeg,10029131,S_Kurta with Pants & Dupatta-77,20,775.0,5,long,three_quarter,round,embroidered,ethnic,maroon,festive,cotton,economy,grey,1,1,0.510798768627451,0.2457315371978772,0.2457457728372122,0.1598510200830821,0.1299458823529412,1.0,0.1910510493259803,0.2496301895363903,0.584095294117647,0.4844654901960784,0.4541494117647058,0.4098346969288383,0.1458592009830635,775.0,5,3,6.666666666666667
WhatsApp Image 2026-04-29 at 1.23.10 PM.jpeg,10028757,KS_Kurta with Pants & Dupatta-55,12,550.0,3,long,three_quarter,round,printed,floral,sea_green,casual,cotton,economy,white,1,1,0.4474885976470588,0.1788004775923315,0.1788039151605459,0.1600644175416534,0.1229133333333333,1.0,0.1313770967371323,0.1811576061247614,0.4872619607843137,0.4433756862745098,0.3643486274509804,0.641062833214155,0.081055619354717,550.0,3,4,3.0
WhatsApp Image 2026-04-29 at 1.23.11 PM (1).jpeg,10028845,KS_Gown-102,15,1025.0,5,long,three_quarter,mandarin,embroidered,floral,white,festive,cotton,mid,aqua_blue,1,1,0.6455423733333332,0.2043522550934126,0.2043570902664649,0.1994243633794262,0.0490078431372549,1.0,0.1135048062193627,0.205849498632653,0.6664290196078432,0.640364705882353,0.6174211764705883,0.2955729858393351,0.0394879113828047,1025.0,5,5,3.0
WhatsApp Image 2026-04-29 at 1.23.11 PM (2).jpeg,10029342,Gown-107,10,1075.0,2,long,three_quarter,round,printed,ethnic,olive_green,festive,cotton,mid,cream,1,1,0.5276184792156863,0.1880082415263153,0.1880317585775239,0.1686719437052839,0.2309788235294116,1.0,0.1539431104473039,0.1906739419782002,0.6137278431372548,0.5118917647058824,0.3827490196078431,0.6734547895576096,0.0825537836283816,1075.0,2,1,10.0
WhatsApp Image 2026-04-29 at 1.23.12 PM.jpeg,10029350,KS_Gown-112,5,1125.0,1,long,sleeveless,sweetheart,printed,ethnic,teal,festive,cotton,mid,white,1,1,0.5996061286274509,0.2219692060984917,0.2220617169221531,0.1785178248927676,0.1395223529411764,1.0,0.1216035730698529,0.2235089581295311,0.6516874509803922,0.5900592156862745,0.5121650980392157,0.3342637729495434,0.097625815939405,1125.0,1,1,5.0
WhatsApp Image 2026-04-29 at 1.24.05 PM (1).jpeg,10029463,KS_Co-ord set-69,4,695.0,1,medium,three_quarter,mandarin,mirror_work,geometric,beige,casual,cotton,economy,black,0,1,0.6872251078431373,0.2166421410569921,0.2166528755476026,0.1291124620076618,0.1338870588235293,1.0,0.1800726198682598,0.2195724992642899,0.735558431372549,0.6792207843137255,0.6016713725490196,0.0170755106330492,0.0787349501365856,695.0,1,1,4.0
WhatsApp Image 2026-04-29 at 1.24.05 PM.jpeg,10027912,KS_Co-ord set-62,28,625.0,7,long,three_quarter,round,printed,floral,off_white,casual,cotton,economy,pink,0,1,0.4435960611764706,0.264585207044266,0.2645814754275286,0.1399113449192053,0.153976862745098,1.0,0.1764102711397059,0.2683336513936742,0.5300494117647059,0.4126729411764706,0.3760725490196078,0.3695182324117964,0.0407471075006652,625.0,7,17,1.6470588235294117
WhatsApp Image 2026-04-29 at 1.24.06 PM (1).jpeg,10029232,KS_Co-ord set-75,8,750.0,2,short,three_quarter,round,printed,floral,brown,casual,cotton,economy,beige,0,1,0.5266880635294118,0.2627005548755811,0.2626883952206905,0.1987517367257746,0.2445254901960784,1.0,0.2193625057444853,0.2667017705702519,0.6535929411764706,0.4848894117647059,0.4090674509803921,0.2340465821538344,0.0622645182713091,750.0,2,2,4.0
WhatsApp Image 2026-04-29 at 1.24.06 PM (2).jpeg,10029230,KS_Co-ord set-75,4,750.0,1,medium,three_quarter,v_neck,printed,floral,black,festive,cotton,economy,gold,0,1,0.5055501129411764,0.3085602550147652,0.3085622500537725,0.1766643254742624,0.1387929411764705,1.0,0.1988886814491421,0.3108444707007152,0.5592149019607843,0.4947474509803922,0.4204219607843137,0.1416868855368293,0.1296446925609146,750.0,1,1,4.0
WhatsApp Image 2026-04-29 at 1.24.06 PM.jpeg,10029231,KS_Co-ord set-75,8,750.0,2,medium,three_quarter,v_neck,printed,floral,teal,casual,cotton,economy,cream,0,1,0.5524919549019608,0.274617685474971,0.2746379237152754,0.2301406479662121,0.0769941176470587,1.0,0.2167789234834558,0.2781251554186642,0.5621843137254902,0.5606254901960784,0.4851901960784314,0.0833468946218505,0.1340326039502163,750.0,2,2,4.0
WhatsApp Image 2026-04-29 at 1.24.07 PM.jpeg,10029353,KS_Gown-112,8,1125.0,2,long,sleeveless,sweetheart,printed,floral,red,festive,cotton,mid,white,1,1,0.6793615388235293,0.2116951646415,0.2117432066642839,0.2771284849313259,0.227081568627451,1.0,0.0937105066636029,0.212907275968556,0.8000141176470589,0.6385741176470588,0.5729325490196079,0.1865693829202312,0.0945513827869887,1125.0,2,1,8.0
WhatsApp Image 2026-04-29 at 1.24.08 PM (1).jpeg,10029365,KS_Gown-89,25,895.0,5,full_length,three_quarter,v_neck,printed,floral,light_blue,festive,cotton,economy,white,1,1,0.5614834466666667,0.1680498758238254,0.1680521030059465,0.1954157616359184,0.1122478431372548,1.0,0.1574683095894608,0.1713815010958718,0.6026050980392157,0.554350588235294,0.4903572549019608,0.410568266660201,0.1197764445088666,895.0,5,1,25.0
WhatsApp Image 2026-04-29 at 1.24.08 PM.jpeg,10028810,KS_Gown-87,8,875.0,2,long,full,v_neck,embroidered,floral,magenta,festive,cotton,economy,yellow,1,1,0.5683887674509804,0.2695718552220878,0.2695602444031884,0.3483855966374423,0.2193141176470588,1.0,0.1835853726256127,0.2724239964287984,0.7366109803921569,0.4926239215686274,0.517296862745098,0.0249559613368357,0.1285978667426755,875.0,2,4,2.0
WhatsApp Image 2026-04-29 at 1.24.13 PM.jpeg,10029128,KS_Co-ord set-99,15,995.0,3,medium,three_quarter,v_neck,printed,floral,beige,casual,cotton,economy,grey,0,1,0.4250955949019608,0.1940499904147421,0.1940598944673439,0.1472768144698118,0.2051576470588236,1.0,0.1927430395986519,0.1980980781904414,0.5031125490196079,0.4100478431372549,0.2979549019607843,0.5683554700253007,0.1043737888336667,995.0,3,2,7.5
WhatsApp Image 2026-04-29 at 1.24.14 PM (1).jpeg,10029444,KS_Co-ord set-99,15,995.0,2,long,full,v_neck,printed,floral,maroon,festive,cotton,economy,beige,0,1,0.6893485745098038,0.2440168063266567,0.2440500108759169,0.1172095361843994,0.1202741176470588,1.0,0.1243015663296568,0.245584290791113,0.74998,0.670047843137255,0.6297058823529411,0.1771469822586648,0.0851679168036017,995.0,2,1,15.0
WhatsApp Image 2026-04-29 at 1.24.14 PM.jpeg,10029443,KS_Co-ord set-99,15,995.0,2,long,three_quarter,v_neck,printed,floral,black,casual,cotton,economy,beige,0,1,0.5448346258823529,0.2507684623094728,0.2507494277714709,0.0964371916470196,0.1317462745098038,1.0,0.140984987745098,0.2524386639406178,0.6020776470588235,0.5301458823529411,0.4703313725490196,0.2148581168952235,0.1864814471694091,995.0,2,1,15.0
WhatsApp Image 2026-04-29 at 1.24.15 PM (1).jpeg,10029263,KS_Co-ord set-99,12,995.0,3,medium,three_quarter,mandarin,mirror_work,ethnic,beige,festive,cotton,economy,black,0,1,0.4059373094117647,0.1529383087914514,0.152931863615909,0.105602781709423,0.1603772549019608,1.0,0.1295206705729166,0.1551239896162637,0.4769211764705882,0.3871411764705882,0.3165439215686274,0.4418017302426258,0.0790870774396426,995.0,3,3,4.0
WhatsApp Image 2026-04-29 at 1.24.15 PM.jpeg,10029262,KS_Co-ord set-99,12,995.0,3,medium,three_quarter,mandarin,mirror_work,ethnic,maroon,festive,cotton,economy,black,0,1,0.3348216101960785,0.1419314785560521,0.1419292906106996,0.1482623925952241,0.2092317647058823,1.0,0.1218086990655637,0.1441627658172719,0.4399470588235294,0.3014921568627451,0.230715294117647,0.5580137312056898,0.0767921203433556,995.0,3,3,4.0
WhatsApp Image 2026-04-29 at 1.24.16 PM.jpeg,10029110,KS_Co-ord set-99,20,995.0,4,short,three_quarter,round,embroidered,floral,mustard_yellow,festive,cotton,economy,beige,0,1,0.5743764894117648,0.2029922239777478,0.2029896992123318,0.3319119413564774,0.3223874509803922,1.0,0.1846184225643382,0.2078220171977347,0.6892019607843137,0.5561980392156862,0.3668145098039215,0.1412809023376472,0.1229746854530376,995.0,4,5,4.0
WhatsApp Image 2026-04-29 at 1.24.17 PM (1).jpeg,10029369,KS_Co-ord set-107,4,1075.0,1,short,three_quarter,mandarin,printed,abstract,cream,casual,cotton,mid,multi,0,1,0.6170345407843137,0.2071160090160261,0.2071294828096212,0.1178096284462567,0.1231788235294119,1.0,0.1722287645526961,0.2102166936241165,0.6455219607843138,0.6209137254901961,0.5223431372549019,0.328270299320727,0.2117354253138863,1075.0,1,1,4.0
WhatsApp Image 2026-04-29 at 1.24.19 PM.jpeg,10029440,KS_Co-ord set-112,10,1125.0,1,full_length,full,v_neck,printed,floral,black,casual,cotton,mid,beige,0,1,0.7230182533333332,0.2481004287099432,0.2481010930413646,0.1581839062192315,0.1817090196078431,1.0,0.1361900179993872,0.2504809156198765,0.8007678431372549,0.7036047058823529,0.6190588235294118,0.0772082439196858,0.0761908067718364,1125.0,1,1,10.0
WhatsApp Image 2026-04-29 at 1.24.21 PM.jpeg,10029441,KS_Co-ord set-112,10,1125.0,1,full_length,full,v_neck,printed,floral,brown,casual,cotton,mid,beige,0,1,0.6765919835294116,0.2426363470189866,0.2426387428244212,0.1621131959521498,0.2129815686274508,1.0,0.1386807310814951,0.2448752317318275,0.7701839215686274,0.6521054901960784,0.5572023529411765,0.0940584789852541,0.0697997036985874,1125.0,1,1,10.0
WhatsApp Image 2026-04-29 at 1.24.23 PM.jpeg,10029370,KS_Co-ord set-112,12,1125.0,3,long,three_quarter,round,printed,floral,light_grey,casual,cotton,mid,grey,0,1,0.7492748125490196,0.181942129211972,0.1819404067016801,0.0454726714802737,0.0091054901960784,1.0,0.0831406537224264,0.183029595926767,0.7558435294117648,0.746421568627451,0.7467380392156864,0.031157607975598,0.0827214285714284,1125.0,3,2,6.0
WhatsApp Image 2026-04-29 at 1.24.24 PM.jpeg,10029367,KS_Co-ord set-112,12,1125.0,3,medium,sleeveless,mandarin,embroidered,floral,navy_blue,casual,cotton,mid,white,0,1,0.3925222552941176,0.1955900638904953,0.1956000455762989,0.1655998223580744,0.148678431372549,1.0,0.1629540536917892,0.1988230775196579,0.4569764705882352,0.3760482352941177,0.3082980392156862,0.4079531234179488,0.1140612239497159,1125.0,3,2,6.0
WhatsApp Image 2026-04-29 at 1.24.31 PM.jpeg,10028568,KS_Co-ord set-92,19,925.0,5,medium,three_quarter,mandarin,embroidered,ethnic,purple,casual,cotton,economy,gold,0,1,0.5305301568627451,0.2329595002793021,0.2329754343476107,0.1719645898960959,0.1992341176470587,1.0,0.1369427849264705,0.2348630958321511,0.6391211764705882,0.4928207843137255,0.4398870588235294,0.3655500940073456,0.0817044281338953,925.0,5,13,1.4615384615384615
WhatsApp Image 2026-04-29 at 1.24.32 PM.jpeg,10028569,KS_Co-ord set-92,11,925.0,3,medium,three_quarter,mandarin,embroidered,ethnic,maroon,festive,cotton,economy,gold,0,1,0.5613059549019608,0.2342636414822327,0.2342812480568608,0.2311807974006334,0.2726988235294117,1.0,0.1390948127297794,0.2360331720767759,0.7016541176470588,0.5155203921568627,0.428955294117647,0.3773220643010728,0.093256780851455,925.0,3,12,0.9166666666666666
WhatsApp Image 2026-04-29 at 1.24.34 PM.jpeg,10029331,KS_Co-ord set-95,4,950.0,1,short,three_quarter,mandarin,printed,floral,cream,casual,cotton,economy,multicolor,0,1,0.4562432368627451,0.2085720959764367,0.2085854793045318,0.1598450811271671,0.1987270588235293,1.0,0.1929728190104166,0.2121598102781953,0.5249764705882353,0.446478431372549,0.3262494117647059,0.4458654018245163,0.1026120473671472,950.0,1,1,4.0
WhatsApp Image 2026-04-29 at 1.24.41 PM (1).jpeg,10029228,KS_Co-ord set-75,20,750.0,4,short,three_quarter,round,printed,ethnic,black,casual,cotton,economy,red,0,1,0.4498457188235293,0.2735771109306791,0.2736037787713087,0.2171416991981948,0.2004772549019608,1.0,0.1804091509650735,0.2766985774649652,0.5452388235294118,0.4216635294117646,0.3447615686274509,0.226347576878978,0.0963767974401013,750.0,4,6,3.3333333333333335
WhatsApp Image 2026-04-29 at 1.24.42 PM.jpeg,10029229,KS Co-ord set-75,13,750.0,3,medium,three_quarter,v_neck,printed,floral,navy_blue,casual,cotton,economy,multi,0,1,0.4653490176470588,0.2724041438307285,0.2724232166793581,0.2033071155767529,0.1141003921568627,1.0,0.2134758444393382,0.2762864396471488,0.5197878431372549,0.4492062745098039,0.4056874509803921,0.09511237339516,0.0717754063913247,750.0,3,6,2.1666666666666665
WhatsApp Image 2026-04-29 at 1.24.44 PM.jpeg,10029345,KS_Co-ord set-79,10,795.0,2,long,three_quarter,v_neck,printed,floral,teal,casual,cotton,economy,yellow,0,1,0.5576211286274508,0.2102904707371116,0.2103042965774567,0.1855926373496653,0.0832631372549019,1.0,0.1941844267003676,0.2137006606785219,0.5878639215686275,0.5525133333333333,0.5046007843137256,0.2290286234548692,0.0635821339912006,795.0,2,1,10.0
WhatsApp Image 2026-04-29 at 1.24.45 PM (1).jpeg,10028130,KS_Co-ord set-85,50,850.0,6,long,three_quarter,v_neck,printed,floral,maroon,casual,cotton,economy,beige,0,1,0.7242097317647059,0.2135270654314006,0.2135518461068055,0.1795158794206501,0.2377635294117648,1.0,0.1083721086090686,0.2154586590692091,0.8315376470588236,0.6948717647058823,0.5937741176470588,0.2546677136302167,0.0833061411012542,850.0,6,14,3.5714285714285716
WhatsApp Image 2026-04-29 at 1.24.45 PM.jpeg,10029346,KS_Co-ord set-79,5,795.0,1,long,three_quarter,v_neck,printed,floral,olive_green,casual,cotton,economy,yellow,0,1,0.5760518376470589,0.2098406043722319,0.2098477200990218,0.1249020430873566,0.1437027450980392,1.0,0.1825013403799019,0.2129072217195621,0.6322113725490196,0.5644474509803922,0.4885086274509804,0.2217164259031305,0.0740397517182931,795.0,1,1,5.0
WhatsApp Image 2026-04-29 at 1.24.46 PM.jpeg,10029271,KS_Co-ord set-57,15,575.0,2,long,three_quarter,round,embroidered,ethnic,olive_green,festive,cotton,economy,maroon,0,1,0.5149815419607843,0.2356999119614459,0.2357278656982807,0.2246015394660032,0.2493662745098039,1.0,0.2304998659620098,0.2435594978955186,0.5981305882352942,0.5049086274509804,0.3487643137254902,0.3771336107702153,0.1321244232673513,575.0,2,1,15.0
WhatsApp Image 2026-04-29 at 1.24.47 PM.jpeg,10029270,KS_Co-ord set-57,15,575.0,3,long,three_quarter,round,mirror_work,ethnic,mustard,casual,cotton,economy,maroon,0,1,0.5196871294117648,0.238312175418916,0.2382876874458942,0.2932983307894721,0.2834760784313725,1.0,0.1972369025735294,0.2428308518211631,0.6248494117647059,0.5007505882352942,0.3413733333333333,0.1361658778076492,0.0964001154818388,575.0,3,4,3.75
WhatsApp Image 2026-04-29 at 1.24.48 PM.jpeg,10029272,KS_Co-ord set-57,10,575.0,1,long,three_quarter,round,embroidered,ethnic,teal,festive,cotton,economy,maroon,0,1,0.5838344827450981,0.2842286159648294,0.2842260953528157,0.2731560394608207,0.0748129411764706,1.0,0.1491893095128676,0.2867241035786734,0.6168286274509804,0.5751498039215686,0.5420156862745098,0.0760292148709777,0.0609009372468196,575.0,1,1,10.0
WhatsApp Image 2026-04-29 at 1.24.49 PM.jpeg,10029273,KS_Co-ord set-57,10,575.0,2,long,three_quarter,round,embroidered,ethnic,red,festive,cotton,economy,black,0,1,0.5419765498039215,0.2891830501547411,0.2891853081819362,0.3346265767931122,0.2557741176470588,1.0,0.1633556889552696,0.2935369885798027,0.7163945098039216,0.4689333333333333,0.4606203921568628,0.0719701504650725,0.2141574218673652,575.0,2,4,2.5
WhatsApp Image 2026-04-29 at 1.24.50 PM (1).jpeg,10027806,KS_Co-ord set-62,20,625.0,5,medium,three_quarter,round,printed,geometric,plum,daily_wear,cotton,economy,white,0,1,0.4439590101960783,0.2624156361244993,0.2624235772897896,0.1269311405569063,0.1218431372549019,1.0,0.1450977998621323,0.2641264942476448,0.5031176470588234,0.4259992156862745,0.3812745098039215,0.2406773190507896,0.0902811782826629,625.0,5,8,2.5
WhatsApp Image 2026-04-29 at 1.24.50 PM.jpeg,10029274,KS_Co-ord set-62,16,625.0,2,short,three_quarter,mandarin,embroidered,floral,cream,casual,cotton,economy,green,0,1,0.7124345572549019,0.1787005167462056,0.1787147701189516,0.1829123946195248,0.1691870588235293,1.0,0.1907542509191176,0.1840026941867765,0.79022,0.6905639215686274,0.6210329411764707,0.1970793276209333,0.100243189123259,625.0,2,3,5.333333333333333
WhatsApp Image 2026-04-29 at 1.25.38 PM (1).jpeg,10029416,KS_Gown-99,12,995.0,2,long,three_quarter,round,embroidered,floral,mustard_yellow,festive,mal chanderi,economy,green,1,1,0.5151841243137254,0.2122558982017164,0.2122625418446635,0.3916638409360714,0.4332486274509803,1.0,0.1759954714307598,0.2160962876348183,0.6557231372549019,0.5004443137254901,0.2224745098039215,0.3391681839968063,0.0733103425032795,995.0,2,1,12.0
WhatsApp Image 2026-04-29 at 1.25.39 PM (1).jpeg,10029417,KS_Gown-99,8,995.0,1,long,three_quarter,round,embroidered,floral,brown,festive,mal chanderi,economy,pink,1,1,0.5357992219607843,0.2602047213590158,0.26019774131744,0.1719464835509113,0.1878615686274509,1.0,0.2123372395833333,0.2654976739682962,0.6196901960784313,0.5132596078431373,0.4318286274509804,0.1106365485868024,0.0674154583552111,995.0,1,1,8.0
WhatsApp Image 2026-04-29 at 1.25.40 PM (1).jpeg,10027574,KS_Gown-99,40,995.0,9,long,full,v_neck,mirror_work,solid,rust,festive,roman glass,economy,gold,1,1,0.623682856862745,0.2404134017093233,0.2404036540691751,0.244607377558324,0.2766827450980392,1.0,0.1895644244025735,0.2433843497528469,0.770424705882353,0.5741725490196078,0.4937419607843137,0.1871328000551365,0.0716810635576609,995.0,9,20,2.0
WhatsApp Image 2026-04-29 at 1.25.40 PM.jpeg,10029418,KS_Gown-99,12,995.0,2,full_length,three_quarter,round,embroidered,floral,beige,festive,mal chanderi,economy,green,1,1,0.5134693996078431,0.2109736821581288,0.2109390778573763,0.1642570077055773,0.2218345098039216,1.0,0.1787834616268382,0.2143360453868047,0.6196717647058824,0.4818298039215686,0.3978372549019607,0.3064487043628836,0.0546679565653343,995.0,2,1,12.0
WhatsApp Image 2026-04-29 at 1.25.41 PM.jpeg,10027576,KS_Gown-99,40,995.0,9,full_length,full,v_neck,mirror_work,ethnic,olive_green,festive,roman glass,economy,gold,1,1,0.6376257549019607,0.2076641414094387,0.2076825667102086,0.2478575359936235,0.2818423529411764,1.0,0.1827962239583333,0.2148438517183032,0.7350898039215686,0.6237882352941176,0.4532474509803922,0.1948132643241189,0.0797026914876631,995.0,9,16,2.5
WhatsApp Image 2026-04-29 at 1.25.42 PM (1).jpeg,10029326,KS Gown-102,8,1025.0,2,full_length,three_quarter,v_neck,embroidered,ethnic,olive_green,festive,mal chanderi,mid,gold,1,1,0.5356856698039215,0.2031643077776118,0.2031889069784766,0.2135162521701065,0.2620996078431372,1.0,0.1901192459405637,0.2066088665790366,0.6068341176470589,0.5365290196078432,0.3447345098039216,0.1073447437771306,0.1117626471069984,1025.0,2,1,8.0
WhatsApp Image 2026-04-29 at 1.25.42 PM (2).jpeg,10029327,KS Gown-102,4,1025.0,1,full_length,three_quarter,v_neck,embroidered,ethnic,rust,festive,mal chanderi,mid,gold,1,1,0.5952606792156862,0.2507486747443384,0.2507649116657313,0.3202243401425945,0.2795878431372549,1.0,0.1905586990655637,0.253535678863918,0.7585494117647059,0.5346725490196078,0.478961568627451,0.0504653069449074,0.2286562683336869,1025.0,1,1,4.0
WhatsApp Image 2026-04-29 at 1.25.43 PM (1).jpeg,10028794,KS Gown-109,36,1095.0,9,full_length,three_quarter,round,embroidered,ethnic,off_white,festive,mal cotton,mid,maroon,1,1,0.6832982380392157,0.2430372054836269,0.2430426594701793,0.1773155280981097,0.1830090196078431,1.0,0.1891292796415441,0.2469195780984773,0.7792588235294118,0.6513243137254903,0.5962498039215687,0.1733875144347045,0.1209596135523301,1095.0,9,9,4.0
WhatsApp Image 2026-04-29 at 1.25.43 PM.jpeg,10028892,KS_Gown-107,24,1075.0,6,full_length,three_quarter,round,embroidered,ethnic,grey,festive,mal chanderi,mid,pink,1,1,0.6021127019607843,0.1752508468283294,0.1752908824388915,0.1531887219970258,0.1292145098039215,1.0,0.1716200884650735,0.1793944417596931,0.6534203921568628,0.5911082352941176,0.5242058823529412,0.120293126213226,0.1297854783896981,1075.0,6,9,2.6666666666666665
WhatsApp Image 2026-04-29 at 1.25.45 PM (1).jpeg,10028961,KS_Gown-109,6,1095.0,2,full_length,three_quarter,round,heavy_work,ethnic,dark_green,festive,vichitra silk,mid,gold,1,1,0.5606977862745098,0.2290482124124796,0.2290654631718777,0.1436126338867264,0.1088564705882353,1.0,0.1856215533088235,0.2307154032270507,0.613181568627451,0.5449121568627451,0.5043250980392157,0.1821968790759194,0.1164187787586484,1095.0,2,2,3.0
WhatsApp Image 2026-04-29 at 1.25.45 PM.jpeg,10028960,KS_Gown-109,15,1095.0,5,long,three_quarter,round,heavy_work,ethnic,maroon,festive,vichitra silk,mid,silver,1,1,0.4124552701960784,0.2256421168775136,0.2256862082182489,0.2723937336853237,0.2099329411764706,1.0,0.20992431640625,0.2284160442640705,0.5404972549019608,0.363138431372549,0.3305643137254901,0.4325801012198275,0.1006939701964111,1095.0,5,7,2.142857142857143
WhatsApp Image 2026-04-29 at 1.25.46 PM (1).jpeg,10029447,KS_Gown-85,4,850.0,1,long,three_quarter,round,embroidered,floral,yellow,festive,mal chanderi,economy,pink,1,1,0.6329265549019608,0.2109810198476407,0.2109825103399757,0.3250139392226332,0.3298905882352941,1.0,0.1932540594362745,0.2142641580988361,0.7270686274509804,0.6307576470588235,0.3971780392156863,0.0733458030744078,0.4235988563629225,850.0,1,1,4.0
WhatsApp Image 2026-04-29 at 1.25.46 PM.jpeg,10028959,KS_Gown-109,3,1095.0,1,full_length,three_quarter,round,heavy_work,ethnic,rust,festive,vichitra silk,mid,cream,1,1,0.4169270996078431,0.2212731430157088,0.2213067965359462,0.2221630151019628,0.213473725490196,1.0,0.2066327263327206,0.2237496685460906,0.5202047058823529,0.3857215686274509,0.3067309803921568,0.4391483560431394,0.1085118287203069,1095.0,1,1,3.0
WhatsApp Image 2026-04-29 at 1.25.47 PM (2).jpeg,10028831,KS_Gown-87,12,875.0,3,long,three_quarter,mandarin,embroidered,floral,red,festive,mal chanderi,economy,pink,1,1,0.534304314117647,0.2962189875956864,0.2962331838034236,0.3877228137352671,0.3174070588235294,1.0,0.1705142750459558,0.2993514328064174,0.7491533333333333,0.4447843137254902,0.4317462745098039,0.1334133799988751,0.0768071393752856,875.0,3,7,1.7142857142857142
WhatsApp Image 2026-04-29 at 1.25.47 PM.jpeg,10029448,KS_Gown-85,4,850.0,1,long,full,round,embroidered,ethnic,pink,festive,mal chanderi,economy,unknown,1,1,0.5911586917647059,0.2138591214478069,0.2139019777675918,0.2263223229219068,0.2304690196078431,1.0,0.1860059551164215,0.2171806272251715,0.7271933333333334,0.5402066666666667,0.4967243137254902,0.1883989940914829,0.1658818402958268,850.0,1,1,4.0
WhatsApp Image 2026-04-29 at 1.25.48 PM (1).jpeg,10029328,KS Gown-87,36,875.0,5,full_length,three_quarter,round,embroidered,solid,olive_green,festive,mal chanderi,economy,gold,1,1,0.5185359803921569,0.1897333508109301,0.1897893265620949,0.1982560475745291,0.2344466666666666,1.0,0.1731943167892156,0.1927636311071679,0.5896658823529412,0.5140219607843137,0.3552192156862745,0.2458379818650281,0.1737378487644727,875.0,5,4,9.0
WhatsApp Image 2026-04-29 at 1.25.48 PM.jpeg,10026674,KS Gown-87,36,875.0,5,full_length,three_quarter,v_neck,embroidered,ethnic,brown,festive,mal chanderi,economy,gold,1,1,0.6164979980392157,0.2929932111137526,0.2929238412636001,0.128801650838075,0.0599121568627452,1.0,0.1794692095588235,0.2956553067378571,0.6468639215686275,0.6067686274509804,0.5869517647058823,0.0545899892324855,0.4370134884735146,875.0,5,43,0.8372093023255814
WhatsApp Image 2026-04-29 at 1.25.49 PM (1).jpeg,10029330,KS Gown-87,36,875.0,4,full_length,three_quarter,v_neck,embroidered,ethnic,sage_green,festive,mal chanderi,economy,gold,1,1,0.6471727615686274,0.1769243010574185,0.1769464262010643,0.165987528182,0.1237227450980392,1.0,0.1740806429993872,0.1803462508662514,0.6773650980392157,0.6499580392156862,0.5536423529411765,0.2315497183761091,0.151972946509259,875.0,4,4,9.0
WhatsApp Image 2026-04-29 at 1.25.49 PM.jpeg,10029329,KS Gown-87,40,875.0,6,full_length,three_quarter,v_neck,embroidered,ethnic,pink,festive,mal chanderi,economy,gold,1,1,0.6587763964705883,0.1806428131342544,0.1806721721752938,0.1483236132536399,0.1752545098039215,1.0,0.1832806755514706,0.1850968533452904,0.7514211764705883,0.6276294117647059,0.5761666666666667,0.1776255502594945,0.1650163696269863,875.0,6,4,10.0
WhatsApp Image 2026-04-29 at 1.25.50 PM (1).jpeg,10028093,KS_Gown-92,24,925.0,6,long,three_quarter,round,embroidered,floral,sage_green,festive,mal chanderi,economy,black,1,1,0.6059749952941176,0.1948545770549171,0.1948121800221108,0.0837170520332494,0.1049427450980392,1.0,0.159576296338848,0.1986582676886409,0.6464454901960784,0.597881568627451,0.5415027450980392,0.0939412473427517,0.074967601743744,925.0,6,6,4.0
WhatsApp Image 2026-04-29 at 1.25.51 PM.jpeg,10029240,KS_Gown-95,8,950.0,2,full_length,three_quarter,v_neck,embroidered,floral,sage_green,festive,mal chanderi,economy,pink,1,1,0.5511600568627452,0.2044273298864369,0.2044407475009674,0.1502598995864252,0.1255003921568627,1.0,0.1496596392463235,0.2067641545888106,0.5917078431372549,0.547004705882353,0.4662074509803922,0.3730493796047165,0.0857197800496092,950.0,2,1,8.0
WhatsApp Image 2026-04-29 at 1.25.52 PM (1).jpeg,10027734,KS_Gown-97,54,975.0,15,long,sleeveless,square,embroidered,ethnic,maroon,festive,vichitra silk,economy,gold,1,1,0.4480549968627451,0.2629053616582414,0.2628898913226427,0.2337589852157507,0.248976862745098,1.0,0.2036446365655637,0.2670563723690523,0.5856047058823529,0.3996313725490196,0.3366278431372549,0.3118867915767028,0.0999504634006819,975.0,15,22,2.4545454545454546
WhatsApp Image 2026-04-29 at 1.25.52 PM.jpeg,10029241,KS_Gown-95,8,950.0,2,long,three_quarter,v_neck,embroidered,ethnic,grey,festive,mal chanderi,economy,pink,1,1,0.5500530764705882,0.2020854085187899,0.2020826298316153,0.1403479053281361,0.1366282352941176,1.0,0.1463587143841911,0.2043308182468286,0.6085650980392157,0.5354196078431372,0.471936862745098,0.3804863465483027,0.0805109343381068,950.0,2,3,2.6666666666666665
WhatsApp Image 2026-04-29 at 1.25.53 PM.jpeg,10027735,KS_Gown-97,57,975.0,16,long,sleeveless,round,embroidered,ethnic,beige,festive,vichitra silk,economy,pink,1,1,0.5552533623529412,0.2535695109234278,0.2535522581517286,0.2614539768227315,0.2761905882352941,1.0,0.1803306429993872,0.2567590866732078,0.6975568627450981,0.5087701960784314,0.4213662745098039,0.3627244282101243,0.0492851034706184,975.0,16,19,3.0
WhatsApp Image 2026-04-29 at 1.25.54 PM (1).jpeg,10029409,KS_Gown-85,16,850.0,3,full_length,three_quarter,v_neck,mirror_work,ethnic,red,festive,mal chanderi,economy,unknown,1,1,0.3840537462745098,0.2189280195701082,0.2189432958068764,0.3556629802205691,0.3962513725490196,1.0,0.1619746189491421,0.2246500568021376,0.618903137254902,0.2957741176470588,0.2226517647058823,0.3668308583763957,0.1635464031949028,850.0,3,1,16.0
WhatsApp Image 2026-04-29 at 1.25.54 PM.jpeg,10028231,KS_Gown-99,20,995.0,3,full_length,three_quarter,round,heavy_work,solid,magenta,festive,chinon,economy,gold,1,1,0.5803863007843137,0.2510767593937594,0.2511021395885731,0.334559752380343,0.236013725490196,1.0,0.2174129710477941,0.2549465317689661,0.7506094117647059,0.506456862745098,0.5145956862745098,0.2328517215657469,0.0403633749382091,995.0,3,6,3.3333333333333335
WhatsApp Image 2026-04-29 at 1.25.55 PM (1).jpeg,10027298,KS Gown-115,68,1150.0,16,full_length,three_quarter,v_neck,embroidered,ethnic,brown,festive,mal chanderi,mid,white,1,1,0.6018215650980393,0.2437480554659166,0.243750104213229,0.1575459661409988,0.1686192156862744,1.0,0.2001663507199755,0.2466993262034175,0.6668,0.5888513725490196,0.4981807843137255,0.0276124472062602,0.2181024793730153,1150.0,16,21,3.238095238095238
WhatsApp Image 2026-04-29 at 1.25.55 PM.jpeg,10029410,KS_Gown-85,16,850.0,3,full_length,full,v_neck,heavy_work,ethnic,mustard_yellow,festive,mal chanderi,economy,unknown,1,1,0.5677536549019608,0.1686107847715991,0.1686226960825283,0.2755617639162634,0.3679741176470588,1.0,0.2163746553308823,0.1752188830662179,0.6915125490196079,0.552143137254902,0.323538431372549,0.3778245581945803,0.1153839909334589,850.0,3,1,16.0
WhatsApp Image 2026-04-29 at 1.25.56 PM.jpeg,10027299,KS_Gown-115,64,1150.0,15,full_length,three_quarter,v_neck,embroidered,ethnic,purple,festive,mal chanderi,mid,silver,1,1,0.4983811407843137,0.2284633356899086,0.2284843125321288,0.1644959279346141,0.1313101960784313,1.0,0.214798033471201,0.2329259839352238,0.5829827450980392,0.4643588235294117,0.4516725490196078,0.1487647601595752,0.0672891186884764,1150.0,15,17,3.764705882352941
WhatsApp Image 2026-04-29 at 1.25.57 PM (1).jpeg,10029120,KS_Gown-119,4,1195.0,1,medium,three_quarter,v_neck,embroidered,ethnic,lime_green,festive,jimmichu,mid,pink,1,1,0.4407491549019607,0.2217009138302279,0.2217294679013006,0.2088955057255346,0.2109160784313724,1.0,0.1486055261948529,0.2241540908416098,0.5077419607843137,0.4345760784313726,0.2968258823529412,0.4957452187642471,0.0878105285279501,1195.0,1,1,4.0
WhatsApp Image 2026-04-29 at 1.25.57 PM (2).jpeg,500001,KS_Gown-129,1032,1295.017543859649,57,full_length,three_quarter,round,embroidered,solid,lavender,festive,roman silk,mid,unknown,1,1,0.6195726419607842,0.2061266880405899,0.2061371232475524,0.1481156485256617,0.0215580392156862,1.0,0.1800115847120098,0.2087321760303463,0.6413305882352941,0.6084509803921568,0.6197725490196079,0.0601771364262199,0.1749683323882772,1295.017543859649,57,279,3.6989247311827955
WhatsApp Image 2026-04-29 at 1.25.57 PM.jpeg,10025103,KS_Gown-119,60,1195.0,14,full_length,three_quarter,round,embroidered,ethnic,magenta,festive,chinon,mid,gold,1,1,0.3858995615686274,0.1919792752998448,0.1919735305411936,0.3368858168106766,0.2702788235294117,1.0,0.1653945025275735,0.1980195043159878,0.591078431372549,0.2940305882352941,0.3207996078431372,0.1668408938605084,0.0667029539247153,1195.0,14,72,0.8333333333333334
WhatsApp Image 2026-04-29 at 1.26.56 PM.jpeg,10022578,KS_Kurta with Plazo & Dupatta-119,60,1195.0,13,medium,three_quarter,v_neck,embroidered,ethnic,cream,festive,crepe,mid,pink,1,1,0.6808588003921568,0.2025428450030233,0.2025501917468884,0.1301194571800893,0.1978631372549019,1.0,0.139816224341299,0.2043191202178031,0.764678431372549,0.6603117647058824,0.5668152941176471,0.2772967570863532,0.1044654916697845,1195.0,13,97,0.6185567010309279
WhatsApp Image 2026-04-29 at 1.26.57 PM (1).jpeg,10028447,KS_Kurta with Plazo & Dupatta-132,12,1325.0,3,short,three_quarter,v_neck,mirror_work,ethnic,grey,festive,tissue,mid,gold,1,1,0.6192436635294117,0.2101878569047016,0.2102071916783412,0.1228447755540546,0.1454305882352941,1.0,0.1653767903645833,0.2132394846551074,0.6833992156862745,0.6023490196078432,0.5379686274509804,0.2204718581074543,0.0634532330668335,1325.0,3,8,1.5
WhatsApp Image 2026-04-29 at 1.26.57 PM.jpeg,10022091,KS_Kurta with Plazo & Dupatta-125,84,1250.0,19,long,three_quarter,round,printed,floral,pink,festive,crepe,mid,teal,1,1,0.5577121435294117,0.2172362122126849,0.2172758506779167,0.1775730845432959,0.0193992156862744,1.0,0.1709451114430147,0.2202739064571089,0.5676780392156863,0.5544678431372548,0.5482788235294118,0.3549777845706577,0.5557172544562782,1250.0,19,70,1.2
WhatsApp Image 2026-04-29 at 1.26.58 PM (1).jpeg,10025820,KS_Kurta with Plazo & Dupatta-159,28,1595.0,7,medium,three_quarter,v_neck,embroidered,ethnic,magenta,festive,crepe,premium,gold,1,1,0.591161454117647,0.2164169230925631,0.2164311236489976,0.3117967917475651,0.1727247058823529,1.0,0.1541408164828431,0.21852100286103,0.7188278431372549,0.5348827450980392,0.546103137254902,0.1694894631419752,0.0867794015657974,1595.0,7,43,0.6511627906976745
WhatsApp Image 2026-04-29 at 1.26.58 PM.jpeg,10025821,KS_Kurta with Plazo & Dupatta-159,52,1595.0,10,medium,three_quarter,v_neck,embroidered,solid,olive_green,festive,crepe,premium,gold,1,1,0.6496297258823529,0.2214521702859793,0.2215057002429924,0.173608814668637,0.1351533333333333,1.0,0.1472244561887254,0.2234939725135413,0.6869921568627451,0.6495901960784314,0.5518388235294117,0.0395355276538659,0.1259165061488908,1595.0,10,51,1.0196078431372548
WhatsApp Image 2026-04-29 at 1.26.59 PM (1).jpeg,10027612,KS Kurta with Plazo & Dupatta-99,24,995.0,6,long,three_quarter,v_neck,embroidered,ethnic,olive_green,festive,chinon,economy,unknown,1,1,0.605982437254902,0.2122181544404677,0.2122244193611191,0.1698606876676947,0.1824454901960784,1.0,0.2175496419270833,0.2171591151762692,0.6531992156862745,0.6081941176470588,0.470753725490196,0.2023981355817064,0.2209962724324853,995.0,6,20,1.2
WhatsApp Image 2026-04-29 at 1.26.59 PM.jpeg,10019275,KS_Kurta with Plazo-165,56,1650.0,13,long,three_quarter,round,embroidered,floral,purple,festive,chinon,premium,gold,0,1,0.4134452443137255,0.2448881767719846,0.2449006584696687,0.1827863512019397,0.1923286274509805,1.0,0.189465092677696,0.2469486928206762,0.5172019607843138,0.3777960784313725,0.3248733333333333,0.2624278134297845,0.1566628672640696,1650.0,13,136,0.4117647058823529
WhatsApp Image 2026-04-29 at 1.27.00 PM.jpeg,10028978,KS_Kurta with Plazo & Dupatta-102,8,1025.0,2,long,three_quarter,round,embroidered,ethnic,olive_green,festive,fendi,mid,gold,1,1,0.5923592094117647,0.2416967370540437,0.2417045609773051,0.1584986033025162,0.1319635294117646,1.0,0.1977369121476715,0.2470234721845884,0.6295050980392156,0.5918525490196079,0.4975415686274509,0.0220818937243247,0.1757587020587955,1025.0,2,5,1.6
WhatsApp Image 2026-04-29 at 1.27.01 PM (1).jpeg,10025105,KS_Kurta with Plazo & Dupatta-65,47,650.0,11,medium,three_quarter,round,embroidered,solid,olive_green,festive,chinon,economy,unknown,1,1,0.3778995552941176,0.1731205777230319,0.1731455090520188,0.1166222259795536,0.1104611764705881,1.0,0.1227361940870098,0.1757096954638733,0.442656862745098,0.3537901960784314,0.3321956862745098,0.281945626537547,0.9300717361194708,650.0,11,35,1.3428571428571427
WhatsApp Image 2026-04-29 at 1.27.02 PM.jpeg,10028818,KS_Kurta with Plazo & Dupatta-79,16,795.0,3,long,full,round,embroidered,ethnic,sage_green,festive,roman glass,economy,gold,1,1,0.6772288325490196,0.2275258327664586,0.2275117427205464,0.0916302951044019,0.0539090196078431,1.0,0.1652714748008578,0.2306206921293808,0.69428,0.675701568627451,0.6403709803921569,0.0177853455860985,0.0601373922582095,795.0,3,7,2.2857142857142856
WhatsApp Image 2026-04-29 at 1.27.03 PM.jpeg,10027514,KS_Kurta with Plazo & Dupatta-95,4,950.0,1,medium,three_quarter,round,embroidered,floral,maroon,festive,fendi,economy,gold,1,1,0.6002766317647058,0.2664503524503605,0.2664670329549721,0.2654968776121106,0.2007772549019606,1.0,0.1975100049785539,0.2685115525893378,0.7443043137254901,0.5379345098039217,0.5435270588235295,0.0321940114659627,0.1348006580013268,950.0,1,1,4.0
WhatsApp Image 2026-04-29 at 1.27.04 PM (1).jpeg,10027761,KS Co-ord set-99,44,995.0,10,medium,three_quarter,v_neck,embroidered,floral,taupe,festive,chinon,economy,white,0,1,0.6023133415686274,0.2106480700134233,0.2106794542773319,0.13928352360231,0.1132196078431373,1.0,0.1795374253216911,0.2139126812312171,0.6574376470588236,0.5855172549019608,0.5442180392156862,0.0848330555371989,0.2827704881060548,995.0,10,19,2.3157894736842106
WhatsApp Image 2026-04-29 at 1.27.04 PM.jpeg,10027757,S_Kurta with Plazo & Dupatta-115,12,1150.0,3,medium,three_quarter,v_neck,embroidered,floral,peach,festive,two tone,mid,green,1,1,0.6649126509803922,0.2044958310426242,0.2044909755516007,0.1842691859676871,0.1728447058823529,1.0,0.1255816291360294,0.2068126771498698,0.7665741176470589,0.626953725490196,0.593729411764706,0.1007996362292121,0.0479085718408414,1150.0,3,2,6.0
WhatsApp Image 2026-04-29 at 1.27.05 PM (1).jpeg,10029122,KS_Co-ord set-99,4,995.0,1,medium,three_quarter,round,embroidered,ethnic,off_white,festive,shimmer,economy,red,0,1,0.4280507560784313,0.2148545067885759,0.2148730312630406,0.160219161768698,0.1666576470588235,1.0,0.1683184455422794,0.2180704883539408,0.4980294117647059,0.411181568627451,0.3313717647058823,0.4477949800311434,0.0939716058941041,995.0,1,1,4.0
WhatsApp Image 2026-04-29 at 1.27.05 PM.jpeg,10027760,KS Co-ord set-99,31,995.0,8,medium,three_quarter,mandarin,embroidered,floral,cream,festive,chinon,economy,black,0,1,0.7151394003921568,0.2205674219267972,0.2205997970132598,0.1340524935881464,0.1492580392156862,1.0,0.2001917221966911,0.2250402380436606,0.7647254901960784,0.7092388235294117,0.6154674509803921,0.1610253451406845,0.1625043734433564,995.0,8,15,2.066666666666667
WhatsApp Image 2026-04-29 at 1.27.06 PM.jpeg,10029123,KS Co-ord set-99,4,995.0,1,short,three_quarter,v_neck,embroidered,ethnic,cream,festive,shimmer,economy,teal,0,1,0.5984188203921568,0.1987341895821636,0.1987309378086145,0.093254762664784,0.1011972549019607,1.0,0.139752077588848,0.2006699606786576,0.6399309803921569,0.5888650980392156,0.5387337254901962,0.2690702786063877,0.0916952150372593,995.0,1,1,4.0
WhatsApp Image 2026-04-29 at 1.27.08 PM.jpeg,10029035,KS_Co-ord set-85,12,850.0,3,short,three_quarter,v_neck,mirror_work,solid,olive_green,festive,roman glass,economy,silver,0,1,0.4674851635294117,0.1751824238281816,0.1751845915494278,0.2061127133780412,0.2715478431372548,1.0,0.1892199946384803,0.1792872293049691,0.5448549019607842,0.4657862745098039,0.2733070588235294,0.7030011213696689,0.1389398478694244,850.0,3,8,1.5
WhatsApp Image 2026-04-29 at 1.27.09 PM (1).jpeg,10021130,KS_Co-ord set-87,32,875.0,7,short,three_quarter,mandarin,embroidered,ethnic,lavender,casual,bombay repido,economy,unknown,0,1,0.5239346584313724,0.2460423266554721,0.2460743639366994,0.1773505881357635,0.0941149019607843,1.0,0.1289809283088235,0.2478343745147976,0.5706058823529412,0.5093756862745099,0.4764909803921568,0.1906794141553628,0.1050126157258836,875.0,7,147,0.21768707482993196
WhatsApp Image 2026-04-29 at 1.27.09 PM.jpeg,10029034,KS_Co-ord set-85,8,850.0,2,medium,three_quarter,v_neck,mirror_work,solid,dusty_rose,festive,roman glass,economy,unknown,0,1,0.4503390003921568,0.1800487788772384,0.1800575374565725,0.2131491396797539,0.239455294117647,1.0,0.2082110236672794,0.1847240105615138,0.542341568627451,0.432112156862745,0.3028862745098039,0.546365167899897,0.1317611541120517,850.0,2,4,2.0
WhatsApp Image 2026-04-29 at 1.27.10 PM (1).jpeg,10029125,KS_Co-ord set-87,12,875.0,2,short,three_quarter,v_neck,embroidered,ethnic,grey,casual,mal chanderi,economy,maroon,0,1,0.4741896945098038,0.2231440872168661,0.223160617819624,0.1171302156796197,0.1765835294117647,1.0,0.1481251436121323,0.2254688944713486,0.5557321568627451,0.4511121568627451,0.3791486274509804,0.3172046981986978,0.0764896030772934,875.0,2,2,6.0
WhatsApp Image 2026-04-29 at 1.27.10 PM.jpeg,10021131,KS_Co-ord set-87,28,875.0,6,medium,three_quarter,mandarin,embroidered,ethnic,mauve,casual,bombay repido,economy,gold,0,1,0.5283770705882352,0.2455352032283004,0.2455559302971805,0.2071148513525672,0.1354294117647059,1.0,0.1298847273284313,0.2473522665261069,0.5981929411764706,0.5055576470588236,0.4627635294117647,0.1906893850171439,0.1070608573105116,875.0,6,147,0.19047619047619047
WhatsApp Image 2026-04-29 at 1.27.11 PM (1).jpeg,10028630,KS_Co-ord set-87,12,875.0,3,medium,three_quarter,v_neck,embroidered,floral,peach,festive,roman glass,economy,unknown,0,1,0.5394474905882353,0.2677361066786269,0.2677209240516821,0.1910816717695808,0.1563611764705881,1.0,0.1510993508731617,0.2698906191620552,0.5986423529411764,0.5281658823529412,0.4422811764705882,0.089147704257539,0.5693981371882617,875.0,3,2,6.0
WhatsApp Image 2026-04-29 at 1.27.11 PM.jpeg,10029126,KS_Co-ord set-87,12,875.0,2,short,three_quarter,v_neck,embroidered,ethnic,off_white,casual,mal chanderi,economy,red,0,1,0.512934425490196,0.2373082802087791,0.2373457401355178,0.1161746394582026,0.1764580392156863,1.0,0.1528018727022058,0.2395520322694244,0.5916007843137255,0.4918560784313725,0.4151427450980392,0.3054917411406043,0.0814523687474195,875.0,2,2,6.0
WhatsApp Image 2026-04-29 at 1.27.12 PM (1).jpeg,10028638,KS_Co-ord set-87,12,875.0,3,medium,three_quarter,mandarin,embroidered,ethnic,rust,festive,roman glass,economy,white,0,1,0.5351330976470589,0.1741984178436676,0.174205262407211,0.2197154099086125,0.3187850980392157,1.0,0.1200729070925245,0.1757025773097676,0.6887086274509804,0.4889913725490196,0.3699235294117647,0.3625454791862719,0.0919873942843176,875.0,3,9,1.3333333333333333
WhatsApp Image 2026-04-29 at 1.27.12 PM.jpeg,10028637,KS_Co-ord set-87,16,875.0,4,short,three_quarter,mandarin,embroidered,solid,yellow,festive,roman glass,economy,white,0,1,0.57338494,0.1214912486468027,0.1214737833696477,0.2144229201047118,0.2974647058823529,1.0,0.0966121897977941,0.1231407543096026,0.6867133333333333,0.5514196078431373,0.3892486274509804,0.3013782926661489,0.0894772862996562,875.0,4,13,1.2307692307692308
WhatsApp Image 2026-04-29 at 1.27.13 PM (1).jpeg,10028641,KS_Co-ord set-87,12,875.0,3,medium,three_quarter,mandarin,embroidered,floral,mauve,festive,roman glass,economy,unknown,0,1,0.4541003215686274,0.167661148680282,0.1676756719533679,0.1438389194441839,0.0862639215686274,1.0,0.1503829656862745,0.1703423201493551,0.4837160784313725,0.4500164705882353,0.3974521568627451,0.1432608553009551,0.0954248427357654,875.0,3,7,1.7142857142857142
WhatsApp Image 2026-04-29 at 1.27.13 PM.jpeg,10028639,KS_Co-ord set-87,12,875.0,3,full_length,three_quarter,v_neck,embroidered,floral,teal,daily_wear,roman glass,economy,unknown,0,1,0.4401898305882353,0.1616187096996931,0.1616238935437595,0.1636875545232648,0.0423262745098038,1.0,0.1458003025428921,0.1643310377519318,0.4288396078431372,0.4563956862745097,0.3865133333333334,0.1432576879773348,0.095427980077351,875.0,3,7,1.7142857142857142
WhatsApp Image 2026-04-29 at 1.27.14 PM (1).jpeg,10028636,KS_Co-ord set-87,8,875.0,2,medium,three_quarter,mandarin,embroidered,solid,magenta,festive,roman glass,economy,unknown,0,1,0.5150418588235293,0.1502127863064145,0.1502152879826616,0.2359358528642902,0.2965843137254902,1.0,0.1094410615808823,0.1517882843330324,0.6781305882352942,0.457895294117647,0.3815462745098039,0.402921830500504,0.0842594262864499,875.0,2,8,1.0
WhatsApp Image 2026-04-29 at 1.27.14 PM.jpeg,10027542,KS_Gown-112,24,875.0,6,long,full,v_neck,embroidered,abstract,purple,casual,cotton,economy,white,0,1,0.6931258784313724,0.1880200629869654,0.1880458032745774,0.086643371911287,0.0438976470588236,1.0,0.1320125804227941,0.1901536868814114,0.7216498039215686,0.6815823529411765,0.677752156862745,0.1096719252136855,0.0733341684608345,875.0,6,22,1.0909090909090908
WhatsApp Image 2026-04-29 at 1.27.16 PM.jpeg,10028629,KS_Co-ord-set-87,4,875.0,1,medium,three_quarter,v_neck,embroidered,floral,teal,daily_wear,roman glass,economy,unknown,0,1,0.4917405321568627,0.2511223939470755,0.2510972872848583,0.1798277545977951,0.1158556862745098,1.0,0.1574786017922794,0.2532377999017639,0.5089960784313726,0.5021000000000001,0.3931403921568627,0.1839468866165411,0.4345004255739824,875.0,1,1,4.0
WhatsApp Image 2026-04-29 at 1.27.18 PM (1).jpeg,10029350,KS_Gown-112,5,1125.0,1,medium,full,v_neck,embroidered,geometric,teal,daily_wear,cotton,mid,unknown,0,0,0.3265784396078431,0.1664915867291846,0.166516572773024,0.1686178634446667,0.1836525490196079,1.0,0.1238032322303921,0.1690432169392285,0.4029250980392157,0.3085294117647059,0.2192725490196078,0.5843218567801226,0.0731494133112999,1125.0,1,1,5.0
WhatsApp Image 2026-04-29 at 1.27.19 PM (1).jpeg,10028197,KS_Co-ord,15,750.0,4,medium,full,v_neck,embroidered,floral,olive_green,festive,roman glass,economy,unknown,0,1,0.5451934929411764,0.1989164119428335,0.1989050996705996,0.2434087237736316,0.136483137254902,1.0,0.1859075808057598,0.2024786725650214,0.5992494117647059,0.5336670588235295,0.4627662745098039,0.5018081747575837,0.2616966161876867,750.0,4,13,1.1538461538461537
WhatsApp Image 2026-04-29 at 1.27.19 PM.jpeg,10027736,KS_Co-ord set-92,8,925.0,2,full_length,three_quarter,round,embroidered,floral,pink,festive,roman glass,economy,unknown,0,1,0.4987909839215685,0.1638156829799733,0.1638208785183489,0.1897147535939979,0.1398600000000001,1.0,0.1659682329963235,0.1677637044025079,0.5668392156862746,0.4780756862745098,0.4269792156862745,0.2079328926024294,0.5017570063583328,925.0,2,17,0.47058823529411764
WhatsApp Image 2026-04-29 at 1.27.20 PM (2).jpeg,10028257,KS Co-ord set-77,16,775.0,4,medium,full,v_neck,embroidered,floral,cream,festive,glass organza,economy,turquoise,0,1,0.5151746066666667,0.2772057793655034,0.277189342737382,0.1459546663472614,0.1736470588235293,1.0,0.1497146905637255,0.2812827738522439,0.5974039215686274,0.4910435294117647,0.423756862745098,0.3905909264639897,0.0573431886650665,775.0,4,11,1.4545454545454546
WhatsApp Image 2026-04-29 at 1.27.20 PM.jpeg,10029350,KS_Gown-112,5,1125.0,1,medium,full,v_neck,printed,floral,maroon,unknown,cotton,mid,unknown,0,0,0.5014111184313726,0.2028199036595399,0.2028033673675301,0.2536269589344991,0.1788717647058822,1.0,0.1806643018535539,0.2059359862243067,0.5886509803921568,0.4747694117647059,0.4097792156862745,0.1515172326139951,0.2738841052044249,1125.0,1,1,5.0
WhatsApp Image 2026-04-29 at 1.27.21 PM (1).jpeg,10029107,KS Co-ord set-77,4,775.0,1,long,three_quarter,mandarin,embroidered,floral,teal,casual,roman glass,economy,brown,0,1,0.5149016694117646,0.2428550751440771,0.2428756585881765,0.1422604611675571,0.0943007843137255,1.0,0.2097062653186274,0.2466280504201783,0.5503094117647059,0.5083035294117647,0.4560086274509804,0.2704447355560297,0.1242312405595433,775.0,1,1,4.0
WhatsApp Image 2026-04-29 at 1.27.21 PM.jpeg,10028449,KS_Co-ord set-77,52,775.0,12,short,sleeveless,mandarin,embroidered,floral,beige,party,roman glass,economy,unknown,0,1,0.5283395474509803,0.2418173381186549,0.2418336943348627,0.1275205034919265,0.1510301960784313,1.0,0.2327531403186274,0.2480479537733048,0.5864278431372548,0.5168011764705882,0.4353976470588235,0.1995533872518654,0.1492187432438878,775.0,12,15,3.466666666666667
WhatsApp Image 2026-04-29 at 1.27.22 PM (1).jpeg,10028518,Co-ord set-79,24,795.0,6,medium,three_quarter,mandarin,embroidered,floral,olive_green,casual,crunchy-crush,economy,gold,0,1,0.5773436564705882,0.1965131863002787,0.1965088782945867,0.1952063700658038,0.2325337254901959,1.0,0.1632178213082107,0.2014598235153569,0.6298199999999999,0.5855823529411764,0.3972862745098039,0.1945488098461284,0.1239049299985281,795.0,6,13,1.8461538461538463
WhatsApp Image 2026-04-29 at 1.27.22 PM.jpeg,10028448,KS_Co-ord set-77,44,775.0,9,medium,full,mandarin,embroidered,floral,pink,party,roman glass,economy,unknown,0,1,0.6184091352941177,0.17401493065206,0.1740499069342073,0.153531989039966,0.1633564705882353,1.0,0.1717340207567401,0.1793306529260647,0.7116192156862745,0.5845537254901961,0.5482627450980392,0.2542427275437008,0.0953578052868792,775.0,9,15,2.933333333333333
WhatsApp Image 2026-04-29 at 1.27.23 PM (1).jpeg,10029433,KS_Co-ord set-82,4,825.0,1,medium,three_quarter,v_neck,embroidered,solid,white,daily_wear,chicken,economy,unknown,0,1,0.5296106619607843,0.2019964398109157,0.2019978286665611,0.1190835548570709,0.1959866666666666,1.0,0.1470442229626225,0.2045246929612508,0.6146180392156863,0.5078635294117647,0.4186313725490196,0.4998244594037093,0.0830635428144438,825.0,1,1,4.0
WhatsApp Image 2026-04-29 at 1.27.23 PM (2).jpeg,10029036,KS_Co-ord set-85,20,850.0,5,three_quarter,three_quarter,v_neck,mirror_work,solid,brown,casual,roman glass,economy,unknown,0,1,0.449471585490196,0.1848468670051714,0.1848524776533411,0.2011274354400164,0.246133725490196,1.0,0.2060494217218137,0.1893976238858913,0.5245619607843137,0.4444407843137255,0.2784282352941176,0.517553904489891,0.1009689716941084,850.0,5,4,5.0
WhatsApp Image 2026-04-29 at 1.27.23 PM.jpeg,10028520,KS Co-ord set-79,16,795.0,4,full_length,three_quarter,mandarin,embroidered,ethnic,pink,festive,crunchy-crush,economy,unknown,0,1,0.6265698799999999,0.1768929490711089,0.1768952140954009,0.2680244214489014,0.2480345098039215,1.0,0.1510170132506127,0.1808377484832485,0.7906619607843137,0.5592886274509803,0.5426274509803922,0.1281965401721447,0.1063736599332486,795.0,4,6,2.6666666666666665
WhatsApp Image 2026-04-29 at 1.27.24 PM (1).jpeg,10029242,KS_Co-ord set-69,12,695.0,2,full_length,three_quarter,mandarin,embroidered,floral,pink,daily_wear,mal chanderi,economy,white,0,1,0.5840610439215687,0.2222988818462783,0.2222997934887919,0.1463854740546984,0.1981031372549019,1.0,0.1649485868566176,0.2249184259270537,0.6783250980392157,0.5562121568627452,0.4802219607843137,0.200510099070345,0.0798961269879524,695.0,2,1,12.0
WhatsApp Image 2026-04-29 at 1.27.24 PM.jpeg,10029350,KS_Gown-112,5,1125.0,1,medium,full,mandarin,embroidered,floral,black,daily_wear,cotton,mid,pink,0,0,0.4783578015686274,0.2479686188266825,0.2479779927948705,0.1801234779407034,0.1603643137254902,1.0,0.2150294883578431,0.2524483803277147,0.5242858823529412,0.4771878431372549,0.3639215686274509,0.344621767604302,0.1473058822350342,1125.0,1,1,5.0
WhatsApp Image 2026-04-29 at 1.27.25 PM (1).jpeg,10029305,KS_Co-ord set-72,8,725.0,1,full_length,three_quarter,round,embroidered,floral,lavender,festive,roman glass,economy,black,0,1,0.4673199905882353,0.2056864035152579,0.2056925489145623,0.1485172473154375,0.1365372549019607,1.0,0.170849609375,0.2091479991607233,0.5298019607843137,0.4498756862745098,0.3932647058823529,0.3909191786488827,0.0902035438189366,725.0,1,1,8.0
WhatsApp Image 2026-04-29 at 1.27.25 PM.jpeg,10029244,KS_Gown-112,4,695.0,1,medium,full,mandarin,embroidered,floral,olive_green,daily_wear,celestial mal,economy,white,0,1,0.5860526603921569,0.2266055676661047,0.2266109409669713,0.1893942409575665,0.2284286274509804,1.0,0.1706918753829656,0.2293532565558148,0.6633862745098039,0.5760050980392157,0.4349576470588235,0.1902303196868535,0.0824337115569469,695.0,1,1,4.0
WhatsApp Image 2026-04-29 at 1.27.26 PM.jpeg,10029306,KS_Co-ord set-72,8,725.0,1,medium,three_quarter,round,embroidered,floral,olive_green,festive,roman glass,economy,black,0,1,0.4093630039215685,0.2123736119283168,0.2123675752566214,0.2101928970033208,0.3072027450980391,1.0,0.1524406881893382,0.2147748291509504,0.5354372549019607,0.3803211764705882,0.2282345098039215,0.6943927631335123,0.0812811792107528,725.0,1,1,8.0
